"","dist","meth_direction","cor_pvalue","gene_type","gene_anno"
"1",388737,"hypo",0.656033783035805,"protein_coding","intergenic"
"2",97280,"hypo",0.578228278086402,"psedo-gene","intergenic"
"3",36426,"hypo",0.349493990533782,"psedo-gene","intergenic"
"4",420011,"hyper",0.0286770197918905,"lincRNA","intergenic"
"5",355666,"hypo",1.23879544698217,"others","intergenic"
"6",317548,"hypo",0.109465180901461,"psedo-gene","TSS"
"7",2593,"hypo",2.86276921889295,"protein_coding","TSS"
"8",287369,"hypo",1.04549296100925,"others","intergenic"
"9",260314,"hypo",0.309146885410871,"protein_coding","intergenic"
"10",832025,"hyper",0.354967359199741,"protein_coding","intergenic"
"11",503476,"hypo",1.21750347655668,"microRNA","intergenic"
"12",651476,"hypo",3.04952111205415,"protein_coding","intergenic"
"13",367062,"hypo",0.0149315569183352,"protein_coding","TSS"
"14",663965,"hypo",1.80604649697729,"protein_coding","TSS"
"15",59991,"hypo",0.79083109918687,"microRNA","intergenic"
"16",76253,"hyper",0.265462071475897,"lincRNA","intergenic"
"17",887350,"hyper",1.28808798082518,"protein_coding","intergenic"
"18",88594,"hypo",0.643227837645462,"psedo-gene","TSS"
"19",9160,"hyper",0.597808067155956,"microRNA","intergenic"
"20",921948,"hyper",0.901435498430733,"others","intergenic"
"21",44000,"hypo",1.38322857547268,"protein_coding","TSS"
"22",425532,"hyper",0.777509719439592,"psedo-gene","intergenic"
"23",138091,"hypo",0.410744090578011,"psedo-gene","intergenic"
"24",288759,"hyper",0.110949508490223,"protein_coding","TSS"
"25",996341,"hypo",0.904037524894134,"protein_coding","intergenic"
"26",498781,"hypo",0.775287954907872,"protein_coding","TSS"
"27",938759,"hyper",1.68321261066694,"protein_coding","intergenic"
"28",22766,"hypo",0.891474697881197,"psedo-gene","intergenic"
"29",15778,"hypo",0.816211773112478,"protein_coding","TSS"
"30",144624,"hyper",1.66646399898463,"lincRNA","intergenic"
"31",914171,"hypo",0.206086342771541,"others","intergenic"
"32",21123,"hypo",0.0429218806744309,"protein_coding","TSS"
"33",121987,"hyper",3.31024138295853,"protein_coding","intergenic"
"34",868969,"hypo",0.286231384786212,"lincRNA","TSS"
"35",910072,"hypo",0.621300634899451,"protein_coding","TSS"
"36",160030,"hypo",0.379751612496969,"lincRNA","TSS"
"37",292328,"hypo",0.335016900202146,"protein_coding","TSS"
"38",59474,"hypo",1.63857317816748,"protein_coding","intergenic"
"39",344036,"hypo",0.000708333598307275,"protein_coding","TSS"
"40",632770,"hypo",0.478060748953891,"protein_coding","TSS"
"41",93605,"hypo",0.290747166023112,"psedo-gene","intergenic"
"42",116045,"hypo",1.75181342670074,"protein_coding","intergenic"
"43",680701,"hypo",0.644460561447016,"lincRNA","intergenic"
"44",166179,"hyper",0.808269269358932,"protein_coding","intergenic"
"45",98494,"hypo",0.711373105227636,"lincRNA","intergenic"
"46",59028,"hypo",0.385174057248467,"protein_coding","intergenic"
"47",681723,"hypo",1.26610777593788,"lincRNA","intergenic"
"48",658615,"hypo",1.47287164108741,"others","intergenic"
"49",890,"hypo",0.148054319039459,"protein_coding","intergenic"
"50",447,"hypo",0.589110382431299,"protein_coding","TSS"
"51",814855,"hypo",0.615722117787049,"protein_coding","TSS"
"52",30676,"hypo",1.02790054660963,"protein_coding","intergenic"
"53",39086,"hypo",1.27855236858747,"microRNA","TSS"
"54",309385,"hyper",0.811455257123674,"protein_coding","intergenic"
"55",4296,"hyper",0.249462476765838,"protein_coding","intergenic"
"56",682396,"hyper",0.166292307773165,"protein_coding","intergenic"
"57",764085,"hypo",0.673607886008906,"others","intergenic"
"58",355767,"hypo",1.95178196775636,"microRNA","intergenic"
"59",86031,"hyper",0.413711716924905,"lincRNA","TSS"
"60",243042,"hyper",2.6935354303952,"protein_coding","TSS"
"61",884367,"hyper",1.38080567257379,"psedo-gene","intergenic"
"62",945167,"hypo",0.360178907530553,"microRNA","intergenic"
"63",611766,"hypo",0.331793467399026,"protein_coding","intergenic"
"64",96248,"hypo",1.29545379837453,"protein_coding","intergenic"
"65",561670,"hyper",0.211323004867624,"protein_coding","TSS"
"66",731891,"hypo",0.327848543854607,"others","intergenic"
"67",820513,"hyper",1.34454336943983,"protein_coding","intergenic"
"68",245735,"hypo",3.10726502388267,"microRNA","intergenic"
"69",549360,"hypo",1.11155725366261,"others","TSS"
"70",632848,"hypo",0.00495600128641892,"protein_coding","TSS"
"71",835166,"hypo",0.229060270273813,"others","intergenic"
"72",551942,"hypo",0.229097951300407,"protein_coding","TSS"
"73",729141,"hyper",0.181080958317726,"protein_coding","TSS"
"74",5190,"hyper",1.30763100194104,"protein_coding","intergenic"
"75",13149,"hyper",0.331942861563137,"others","intergenic"
"76",433017,"hyper",0.727145725603809,"protein_coding","TSS"
"77",675449,"hypo",0.289056333099852,"microRNA","TSS"
"78",358759,"hypo",0.244124029780807,"psedo-gene","TSS"
"79",563228,"hypo",0.142150149166622,"lincRNA","intergenic"
"80",724796,"hypo",0.385147016026746,"microRNA","TSS"
"81",795484,"hyper",0.10256078135163,"others","TSS"
"82",85963,"hypo",2.83895765179182,"protein_coding","intergenic"
"83",980008,"hypo",0.671249144802214,"others","intergenic"
"84",881300,"hypo",2.19854629908514,"protein_coding","TSS"
"85",586884,"hypo",0.814818817423983,"microRNA","intergenic"
"86",729781,"hypo",0.934499558518547,"others","intergenic"
"87",652872,"hypo",2.16728479750884,"protein_coding","intergenic"
"88",9120,"hypo",2.71388977998423,"protein_coding","TSS"
"89",612786,"hypo",1.05077557404835,"microRNA","TSS"
"90",881513,"hypo",0.489461959994504,"protein_coding","intergenic"
"91",295378,"hypo",0.0617847895552174,"psedo-gene","intergenic"
"92",182920,"hyper",1.06998244621621,"microRNA","intergenic"
"93",605423,"hypo",1.85562496605094,"protein_coding","intergenic"
"94",464287,"hypo",0.172437180333211,"others","intergenic"
"95",583835,"hyper",1.19181943379911,"psedo-gene","intergenic"
"96",449608,"hypo",0.0571298662054348,"protein_coding","intergenic"
"97",67149,"hyper",0.681646557892326,"microRNA","TSS"
"98",86581,"hypo",0.550235884027914,"lincRNA","intergenic"
"99",778907,"hypo",0.192747916742335,"protein_coding","intergenic"
"100",83400,"hypo",0.538957176657972,"psedo-gene","TSS"
"101",12431,"hyper",0.963360096191269,"protein_coding","TSS"
"102",312637,"hypo",2.36114242016291,"protein_coding","TSS"
"103",397,"hypo",1.75846141295453,"lincRNA","intergenic"
"104",430702,"hyper",0.12483157474548,"lincRNA","intergenic"
"105",109427,"hypo",1.16824397939792,"protein_coding","TSS"
"106",449754,"hypo",1.06372654610853,"lincRNA","TSS"
"107",153778,"hypo",0.747363803184053,"lincRNA","TSS"
"108",959663,"hyper",0.0515475995674194,"protein_coding","intergenic"
"109",992070,"hypo",0.295031243774525,"psedo-gene","intergenic"
"110",392316,"hypo",0.163965788839577,"protein_coding","intergenic"
"111",350352,"hyper",0.527380563886043,"psedo-gene","intergenic"
"112",47356,"hypo",0.153936823047859,"others","intergenic"
"113",365053,"hypo",0.395725186252974,"protein_coding","TSS"
"114",370110,"hypo",1.51977485785643,"protein_coding","intergenic"
"115",422980,"hypo",1.45613186714346,"protein_coding","intergenic"
"116",382893,"hyper",0.674062336490881,"microRNA","intergenic"
"117",998792,"hypo",0.370125903152961,"protein_coding","intergenic"
"118",106439,"hyper",0.340651659139029,"protein_coding","TSS"
"119",645936,"hypo",0.134836518918044,"protein_coding","intergenic"
"120",194438,"hyper",0.409763000734179,"protein_coding","intergenic"
"121",54706,"hypo",1.23210437998849,"protein_coding","intergenic"
"122",167781,"hypo",0.756647917277117,"protein_coding","intergenic"
"123",799000,"hyper",0.00680497385734314,"protein_coding","TSS"
"124",982996,"hypo",0.786116706005428,"protein_coding","intergenic"
"125",896609,"hypo",0.489087196996116,"microRNA","intergenic"
"126",370967,"hypo",1.43736020875453,"protein_coding","intergenic"
"127",932381,"hypo",0.00689006431445194,"others","intergenic"
"128",851640,"hypo",0.837704135295243,"protein_coding","intergenic"
"129",331680,"hyper",0.563869628824456,"protein_coding","intergenic"
"130",14489,"hypo",1.72693075338678,"protein_coding","intergenic"
"131",745633,"hypo",3.91800167309407,"lincRNA","intergenic"
"132",726759,"hypo",0.388216044988571,"protein_coding","TSS"
"133",895731,"hypo",1.51017046597963,"psedo-gene","intergenic"
"134",801803,"hypo",0.039981241340714,"protein_coding","intergenic"
"135",36,"hypo",0.807885953727333,"protein_coding","TSS"
"136",538581,"hyper",1.70127154428035,"protein_coding","intergenic"
"137",321669,"hypo",0.0100876744173781,"protein_coding","intergenic"
"138",619734,"hyper",0.254750970426833,"others","TSS"
"139",794724,"hypo",0.830214736327363,"protein_coding","intergenic"
"140",42114,"hypo",2.39935109453886,"protein_coding","intergenic"
"141",594985,"hypo",0.235011089710528,"others","intergenic"
"142",292494,"hypo",1.59983054987908,"protein_coding","intergenic"
"143",368546,"hypo",0.535707616758548,"protein_coding","TSS"
"144",331661,"hypo",0.246260331303647,"microRNA","intergenic"
"145",809003,"hypo",0.438910269591797,"others","TSS"
"146",327488,"hypo",2.83689742140031,"others","TSS"
"147",791234,"hyper",0.77266525515761,"lincRNA","TSS"
"148",171,"hypo",1.13851642319685,"protein_coding","TSS"
"149",467803,"hypo",0.356579643084407,"microRNA","TSS"
"150",285695,"hypo",1.38131972573484,"protein_coding","intergenic"
"151",82,"hypo",0.888382374382292,"lincRNA","TSS"
"152",996744,"hyper",3.48254118089905,"protein_coding","intergenic"
"153",722671,"hypo",0.443601266841211,"protein_coding","intergenic"
"154",103252,"hypo",0.722333789431368,"microRNA","intergenic"
"155",652146,"hypo",1.07803265646257,"psedo-gene","intergenic"
"156",692646,"hyper",1.77830501707017,"protein_coding","intergenic"
"157",617173,"hypo",0.463681602226041,"others","TSS"
"158",454995,"hypo",0.781698894977522,"protein_coding","TSS"
"159",42972,"hyper",0.40801686424354,"microRNA","TSS"
"160",571501,"hypo",0.611223650806079,"lincRNA","TSS"
"161",56623,"hypo",0.034906034147522,"others","intergenic"
"162",162774,"hypo",1.42878783433266,"protein_coding","intergenic"
"163",78372,"hypo",0.0674528819278165,"protein_coding","intergenic"
"164",20065,"hyper",2.6257342106301,"lincRNA","intergenic"
"165",662173,"hyper",0.77217510959756,"protein_coding","intergenic"
"166",924789,"hypo",0.85083010637763,"lincRNA","intergenic"
"167",93505,"hyper",3.02581648235793,"protein_coding","TSS"
"168",634889,"hypo",1.33172395992134,"lincRNA","intergenic"
"169",834291,"hypo",0.341650788265425,"protein_coding","intergenic"
"170",82240,"hypo",3.39488126316457,"others","intergenic"
"171",536604,"hyper",0.104635553821731,"protein_coding","intergenic"
"172",435738,"hyper",0.257670886081977,"protein_coding","intergenic"
"173",386626,"hypo",0.493980924775853,"protein_coding","intergenic"
"174",184340,"hypo",1.19328283356584,"protein_coding","intergenic"
"175",573044,"hypo",0.889968528410496,"protein_coding","intergenic"
"176",175138,"hypo",0.514116100465212,"others","TSS"
"177",112848,"hyper",0.0420907170012552,"protein_coding","intergenic"
"178",17228,"hyper",1.82412489107128,"protein_coding","intergenic"
"179",427675,"hypo",0.411251909397731,"others","intergenic"
"180",228809,"hyper",1.17991364631654,"microRNA","intergenic"
"181",111602,"hyper",0.514966010706814,"protein_coding","TSS"
"182",463777,"hyper",1.12478775108653,"microRNA","intergenic"
"183",406250,"hypo",1.04122167067553,"protein_coding","intergenic"
"184",137176,"hypo",0.897764552807521,"others","TSS"
"185",895783,"hypo",0.0821075505700784,"protein_coding","TSS"
"186",42987,"hyper",1.10272288433696,"protein_coding","intergenic"
"187",5538,"hypo",1.76842887437833,"protein_coding","intergenic"
"188",216036,"hyper",0.904777008259377,"protein_coding","intergenic"
"189",3626,"hypo",1.75151474953974,"protein_coding","TSS"
"190",587040,"hypo",1.10147406479898,"protein_coding","intergenic"
"191",754244,"hyper",0.0969425134439351,"lincRNA","TSS"
"192",36371,"hypo",1.35377257157323,"lincRNA","intergenic"
"193",537815,"hypo",0.565524852451793,"lincRNA","TSS"
"194",656957,"hypo",0.873609350072898,"protein_coding","TSS"
"195",734907,"hypo",0.822657794809396,"others","TSS"
"196",25737,"hypo",0.451051867463679,"psedo-gene","intergenic"
"197",66033,"hyper",0.221111628495708,"psedo-gene","intergenic"
"198",53302,"hypo",2.88613686173638,"protein_coding","intergenic"
"199",594292,"hypo",1.57023860321996,"protein_coding","intergenic"
"200",26247,"hyper",2.91833479662747,"others","intergenic"
"201",62503,"hyper",0.336353557172417,"protein_coding","intergenic"
"202",238159,"hyper",0.743094196805552,"psedo-gene","intergenic"
"203",748436,"hypo",0.411170245109569,"protein_coding","intergenic"
"204",10270,"hypo",2.48500919922774,"lincRNA","intergenic"
"205",11294,"hypo",0.213542538817957,"protein_coding","TSS"
"206",253709,"hypo",1.29374182216979,"protein_coding","TSS"
"207",537008,"hypo",0.744143504554113,"lincRNA","intergenic"
"208",659311,"hypo",0.426703252213332,"microRNA","TSS"
"209",608,"hypo",1.79432101111374,"protein_coding","intergenic"
"210",319374,"hypo",1.77606213081663,"others","intergenic"
"211",179462,"hypo",2.53631880584757,"psedo-gene","intergenic"
"212",171600,"hypo",0.272392545046233,"lincRNA","intergenic"
"213",755726,"hypo",0.0139751845496146,"protein_coding","TSS"
"214",211736,"hypo",1.81555407235229,"protein_coding","intergenic"
"215",539398,"hypo",1.44104588160332,"protein_coding","intergenic"
"216",931164,"hypo",0.263329865465314,"protein_coding","intergenic"
"217",87559,"hypo",2.36383205771787,"others","intergenic"
"218",357517,"hypo",0.164477180596074,"microRNA","TSS"
"219",894,"hypo",0.428336752195501,"lincRNA","TSS"
"220",68754,"hypo",0.114917247079039,"lincRNA","intergenic"
"221",1959,"hypo",1.40343888407936,"protein_coding","TSS"
"222",209771,"hyper",0.401595113819105,"protein_coding","TSS"
"223",176153,"hypo",0.141171508663335,"protein_coding","intergenic"
"224",862,"hypo",1.07668290561666,"protein_coding","intergenic"
"225",592678,"hypo",1.11238716680391,"protein_coding","intergenic"
"226",471568,"hypo",1.78635528956656,"protein_coding","intergenic"
"227",28340,"hypo",1.6139807248458,"protein_coding","intergenic"
"228",524283,"hypo",0.506079899667272,"protein_coding","TSS"
"229",638608,"hypo",0.484164383164146,"microRNA","intergenic"
"230",5261,"hyper",0.297311526941199,"protein_coding","TSS"
"231",197,"hypo",0.0431958446838866,"psedo-gene","TSS"
"232",779790,"hypo",0.728327358649862,"lincRNA","TSS"
"233",39236,"hypo",1.15504859969622,"protein_coding","intergenic"
"234",717400,"hypo",0.0643131243846858,"protein_coding","intergenic"
"235",250385,"hyper",1.04352399931351,"protein_coding","TSS"
"236",67430,"hypo",0.93405290521488,"others","intergenic"
"237",457345,"hypo",0.436888211968761,"microRNA","TSS"
"238",106,"hypo",0.589211118021301,"protein_coding","intergenic"
"239",264485,"hyper",0.438977542834156,"others","intergenic"
"240",137677,"hyper",1.11507467877332,"lincRNA","intergenic"
"241",435435,"hypo",0.420041413790715,"microRNA","TSS"
"242",199284,"hypo",0.740660770552143,"psedo-gene","intergenic"
"243",261950,"hyper",0.0630066655299776,"protein_coding","intergenic"
"244",28642,"hyper",0.743263614141508,"protein_coding","intergenic"
"245",618069,"hypo",0.317959723507576,"protein_coding","intergenic"
"246",17250,"hypo",2.56165239250768,"protein_coding","TSS"
"247",729342,"hypo",0.689452682291458,"protein_coding","intergenic"
"248",861845,"hypo",0.742792724760848,"protein_coding","intergenic"
"249",420557,"hyper",0.241807089354862,"protein_coding","intergenic"
"250",54028,"hyper",0.130390148005149,"microRNA","intergenic"
"251",3316,"hyper",0.0620792242445334,"lincRNA","TSS"
"252",864228,"hypo",1.38021614004706,"protein_coding","intergenic"
"253",271297,"hypo",1.63504304085197,"lincRNA","intergenic"
"254",452034,"hyper",1.01844066727297,"microRNA","intergenic"
"255",38211,"hypo",1.64881603962614,"protein_coding","TSS"
"256",619291,"hypo",0.675879048812718,"protein_coding","intergenic"
"257",668313,"hypo",0.527431230759492,"protein_coding","intergenic"
"258",24127,"hyper",0.939732861494013,"protein_coding","TSS"
"259",187924,"hypo",0.36598425393948,"psedo-gene","intergenic"
"260",434467,"hypo",2.63414004386318,"protein_coding","intergenic"
"261",246274,"hyper",0.791293224992632,"protein_coding","intergenic"
"262",735279,"hypo",1.82882894712576,"psedo-gene","TSS"
"263",479958,"hypo",0.362144576106163,"protein_coding","intergenic"
"264",534931,"hypo",0.501234659005746,"protein_coding","intergenic"
"265",794800,"hyper",0.974825645673692,"protein_coding","intergenic"
"266",14968,"hyper",0.348789922219717,"protein_coding","intergenic"
"267",565290,"hypo",0.0280110411414254,"protein_coding","intergenic"
"268",81767,"hypo",1.11418318316134,"protein_coding","intergenic"
"269",333386,"hypo",0.213488942068187,"protein_coding","intergenic"
"270",11329,"hyper",2.61747398629765,"protein_coding","TSS"
"271",244063,"hypo",0.199127271508724,"others","intergenic"
"272",997867,"hypo",2.09411889897659,"protein_coding","TSS"
"273",705247,"hypo",1.80044805352513,"protein_coding","TSS"
"274",844186,"hypo",0.167513335701389,"protein_coding","intergenic"
"275",944765,"hypo",0.660087653930788,"microRNA","intergenic"
"276",227428,"hypo",0.97434474242663,"others","intergenic"
"277",260948,"hypo",1.697626300379,"psedo-gene","intergenic"
"278",162302,"hypo",2.04181006899861,"lincRNA","TSS"
"279",358617,"hypo",0.0457649126678883,"lincRNA","intergenic"
"280",41418,"hypo",0.141788655136476,"psedo-gene","TSS"
"281",673470,"hypo",1.21622791110925,"protein_coding","TSS"
"282",577981,"hypo",1.33957944747776,"protein_coding","intergenic"
"283",498791,"hyper",0.370206013317834,"protein_coding","intergenic"
"284",739307,"hypo",2.06151987625851,"others","intergenic"
"285",1312,"hyper",0.254426919579567,"protein_coding","intergenic"
"286",246951,"hypo",0.0798063802896376,"protein_coding","TSS"
"287",965064,"hypo",0.0205493343711591,"protein_coding","TSS"
"288",149,"hypo",0.386552397540335,"protein_coding","intergenic"
"289",227766,"hypo",1.00995368111229,"protein_coding","intergenic"
"290",489496,"hyper",0.0490257792393405,"protein_coding","intergenic"
"291",485848,"hypo",1.52416323659308,"protein_coding","intergenic"
"292",333158,"hypo",0.550306721509782,"protein_coding","intergenic"
"293",366322,"hyper",0.572263115876017,"microRNA","TSS"
"294",180428,"hypo",2.40785957679055,"protein_coding","intergenic"
"295",386565,"hypo",2.03971926526497,"microRNA","TSS"
"296",872125,"hypo",0.341590398333209,"protein_coding","intergenic"
"297",362131,"hyper",0.576947045849352,"psedo-gene","intergenic"
"298",389378,"hypo",2.11964528625544,"protein_coding","intergenic"
"299",829222,"hypo",1.37548688443043,"protein_coding","intergenic"
"300",826247,"hypo",0.699377559239909,"protein_coding","intergenic"
"301",599,"hyper",0.0835405245136417,"protein_coding","intragenic"
"302",17927,"hypo",0.32128726226766,"lincRNA","intragenic"
"303",33994,"hyper",0.718963499928405,"others","intragenic"
"304",24855,"hyper",1.34342512232788,"psedo-gene","intragenic"
"305",85263,"hyper",0.647550387679806,"others","intragenic"
"306",19775,"hyper",0.579216461143122,"microRNA","intragenic"
"307",87183,"hyper",0.627870981241311,"protein_coding","intragenic"
"308",28734,"hyper",0.652175354186796,"protein_coding","intragenic"
"309",18187,"hyper",0.728663280694259,"protein_coding","intragenic"
"310",53108,"hypo",0.46174175541136,"protein_coding","intragenic"
"311",18732,"hyper",2.03956519865556,"psedo-gene","intragenic"
"312",17628,"hyper",0.358459601651014,"psedo-gene","intragenic"
"313",13694,"hyper",1.30905789521318,"protein_coding","intragenic"
"314",43812,"hyper",0.113434067981032,"protein_coding","intragenic"
"315",41088,"hyper",1.9915749168332,"protein_coding","intragenic"
"316",42361,"hyper",1.08560103700671,"others","intergenic"
"317",78975,"hyper",1.79453393281213,"protein_coding","intragenic"
"318",15122,"hyper",1.33496094718141,"protein_coding","intragenic"
"319",86441,"hyper",0.295738407750036,"others","intragenic"
"320",93715,"hyper",0.405760097813376,"protein_coding","intragenic"
"321",44333,"hyper",1.6717674005424,"protein_coding","intragenic"
"322",13236,"hyper",0.266491576511126,"others","intragenic"
"323",65028,"hyper",1.38317254312925,"protein_coding","intergenic"
"324",31654,"hyper",1.46437287015451,"microRNA","intragenic"
"325",45888,"hyper",1.15114808551175,"microRNA","intragenic"
"326",62201,"hypo",0.203902108696139,"protein_coding","intergenic"
"327",68573,"hyper",0.175310797068204,"lincRNA","intergenic"
"328",33238,"hyper",1.23684864798085,"microRNA","intergenic"
"329",19774,"hyper",1.81479059494568,"protein_coding","intragenic"
"330",525,"hyper",0.489753400970003,"protein_coding","intergenic"
"331",36566,"hyper",2.1061721165628,"others","intragenic"
"332",36232,"hyper",1.41949684939174,"psedo-gene","intragenic"
"333",108729,"hyper",1.2443148829539,"protein_coding","intergenic"
"334",52008,"hyper",2.47684779684909,"protein_coding","intergenic"
"335",57832,"hyper",1.11661412351806,"microRNA","intragenic"
"336",45375,"hyper",2.9559232967509,"others","intragenic"
"337",72993,"hyper",1.20143716658519,"psedo-gene","intragenic"
"338",88848,"hypo",1.22746675472527,"protein_coding","intergenic"
"339",80523,"hyper",0.310622949592943,"microRNA","intragenic"
"340",77122,"hypo",1.26951390191766,"protein_coding","intragenic"
"341",73144,"hyper",0.694387991755168,"microRNA","intragenic"
"342",70049,"hyper",0.541871126112073,"lincRNA","intragenic"
"343",26059,"hyper",2.9643848990175,"others","intergenic"
"344",46315,"hypo",0.763536134338743,"others","intragenic"
"345",60584,"hyper",1.0661177706601,"protein_coding","intragenic"
"346",7739,"hyper",0.645257334241719,"protein_coding","intragenic"
"347",27960,"hyper",0.977154812041633,"lincRNA","intragenic"
"348",31520,"hyper",0.391553743215832,"protein_coding","intragenic"
"349",57506,"hyper",0.851297744175623,"psedo-gene","intragenic"
"350",80581,"hyper",1.03813831419101,"microRNA","intragenic"
"351",79002,"hypo",0.453868107489226,"protein_coding","intragenic"
"352",22772,"hyper",0.00445872851859207,"microRNA","intragenic"
"353",23151,"hyper",0.338748197310016,"protein_coding","intragenic"
"354",86921,"hyper",1.23219969941435,"others","intragenic"
"355",55245,"hyper",0.60974531339262,"protein_coding","intragenic"
"356",872388,"hyper",1.33997787628766,"protein_coding","intergenic"
"357",1940,"hyper",0.92630066564624,"psedo-gene","intragenic"
"358",87779,"hyper",0.116368715176167,"protein_coding","intergenic"
"359",26517,"hyper",2.06058272242475,"psedo-gene","intragenic"
"360",525075,"hypo",0.58501902599106,"protein_coding","intergenic"
"361",637644,"hyper",1.14249267165347,"microRNA","intergenic"
"362",50387,"hypo",0.0674031210105988,"others","intergenic"
"363",66720,"hyper",0.232697556490037,"protein_coding","intragenic"
"364",5998,"hyper",0.273651079855729,"others","intergenic"
"365",55199,"hyper",0.208811773919438,"protein_coding","intergenic"
"366",15625,"hyper",0.215675857664038,"microRNA","intragenic"
"367",53937,"hyper",1.2173139385848,"lincRNA","intragenic"
"368",19581,"hyper",0.00137189243476802,"protein_coding","intragenic"
"369",52057,"hyper",0.591845105969413,"protein_coding","intragenic"
"370",2792,"hyper",0.650639541153061,"protein_coding","intragenic"
"371",40793,"hyper",2.13922620330541,"protein_coding","intragenic"
"372",29569,"hyper",0.435638022219105,"psedo-gene","intergenic"
"373",27519,"hyper",0.441215064783161,"protein_coding","intergenic"
"374",29509,"hyper",0.131335498939502,"others","intragenic"
"375",80147,"hypo",1.65050503559473,"protein_coding","intragenic"
"376",59596,"hyper",1.02553500986095,"protein_coding","intergenic"
"377",76388,"hyper",0.734616775924955,"lincRNA","intragenic"
"378",15983,"hyper",0.168828821779764,"microRNA","intragenic"
"379",31746,"hyper",0.370783722094679,"protein_coding","intragenic"
"380",78414,"hyper",0.613272476730397,"psedo-gene","intragenic"
"381",43071,"hyper",0.28129070752787,"psedo-gene","intragenic"
"382",52151,"hypo",0.396486559182493,"protein_coding","intragenic"
"383",61630,"hyper",0.0164797137655043,"protein_coding","intergenic"
"384",964024,"hyper",0.863208565228524,"protein_coding","intergenic"
"385",43554,"hypo",0.236852976206018,"microRNA","intragenic"
"386",83281,"hyper",1.97497165755678,"protein_coding","intragenic"
"387",27902,"hyper",0.939216792396022,"microRNA","intragenic"
"388",891814,"hypo",0.570649502863811,"protein_coding","intergenic"
"389",64814,"hyper",1.36411023528966,"lincRNA","intragenic"
"390",35387,"hyper",0.811636772606183,"protein_coding","intragenic"
"391",78545,"hyper",0.981367969641496,"protein_coding","intergenic"
"392",67848,"hyper",0.969090254284518,"protein_coding","intragenic"
"393",16800,"hyper",0.715542387123331,"lincRNA","intragenic"
"394",48555,"hyper",0.678199052870717,"protein_coding","intragenic"
"395",61052,"hyper",2.05885451424256,"protein_coding","intragenic"
"396",91627,"hyper",0.420864904115865,"protein_coding","intergenic"
"397",36274,"hyper",3.0926482943633,"microRNA","intragenic"
"398",19570,"hyper",0.901710654405242,"protein_coding","intergenic"
"399",47796,"hyper",0.248633177237783,"protein_coding","intergenic"
"400",32542,"hypo",0.0644767287372499,"protein_coding","intragenic"
"401",97367,"hyper",0.326944279116871,"protein_coding","intragenic"
"402",134676,"hyper",5.71948868064013,"lincRNA","intergenic"
"403",97893,"hyper",1.15178105497208,"psedo-gene","intergenic"
"404",65538,"hypo",0.786222790255936,"protein_coding","intragenic"
"405",48680,"hyper",0.60126451617978,"psedo-gene","intragenic"
"406",89746,"hypo",0.476383619991882,"protein_coding","intragenic"
"407",9795,"hyper",0.070039947067941,"microRNA","intragenic"
"408",48294,"hypo",0.13297993256946,"protein_coding","intragenic"
"409",80840,"hyper",1.88616828479445,"protein_coding","intragenic"
"410",83773,"hyper",1.15097597777392,"microRNA","intragenic"
"411",34946,"hypo",0.196938005720321,"psedo-gene","intragenic"
"412",48636,"hyper",3.0131455935976,"lincRNA","intragenic"
"413",56262,"hyper",1.79179526437576,"microRNA","intragenic"
"414",345,"hyper",0.924264122396286,"lincRNA","intragenic"
"415",38587,"hyper",1.25110239215088,"protein_coding","intergenic"
"416",96979,"hyper",0.565997744945758,"lincRNA","intragenic"
"417",76572,"hyper",0.282458205861826,"protein_coding","intergenic"
"418",81490,"hyper",0.139677884855096,"microRNA","intragenic"
"419",3022,"hyper",2.06910657438772,"lincRNA","intragenic"
"420",319343,"hyper",1.18248567078373,"protein_coding","intergenic"
"421",94208,"hyper",0.528133578376452,"protein_coding","intergenic"
"422",74094,"hyper",2.7393408372536,"protein_coding","intragenic"
"423",31337,"hyper",1.06402357932871,"protein_coding","intergenic"
"424",28066,"hyper",1.1730878173213,"microRNA","intragenic"
"425",81052,"hyper",0.734654348324084,"protein_coding","intergenic"
"426",59521,"hypo",0.761435605509297,"protein_coding","intragenic"
"427",27623,"hyper",0.802198442870929,"protein_coding","intragenic"
"428",20893,"hyper",1.50180085559997,"lincRNA","intragenic"
"429",3912,"hyper",0.628969240778746,"lincRNA","intergenic"
"430",33802,"hyper",0.151734167097052,"protein_coding","intragenic"
"431",5632,"hyper",1.10848459467782,"protein_coding","intragenic"
"432",87184,"hyper",1.27433526957034,"protein_coding","intragenic"
"433",29923,"hyper",1.32712575866968,"protein_coding","intragenic"
"434",90148,"hyper",1.4227139677287,"protein_coding","intragenic"
"435",66090,"hyper",1.95579482444342,"psedo-gene","intragenic"
"436",919544,"hyper",2.04602291752994,"psedo-gene","intergenic"
"437",702,"hyper",1.47032394583542,"others","intragenic"
"438",83158,"hyper",0.67984149439956,"lincRNA","intergenic"
"439",2154,"hyper",0.845711821560353,"others","intragenic"
"440",78923,"hyper",1.10886285486029,"protein_coding","intragenic"
"441",16342,"hyper",0.646986352606296,"protein_coding","intragenic"
"442",45992,"hyper",0.510018439563194,"lincRNA","intragenic"
"443",91919,"hyper",0.0545427370482032,"protein_coding","intergenic"
"444",93357,"hyper",1.50791384114867,"protein_coding","intragenic"
"445",3871,"hyper",1.62776104384185,"protein_coding","intergenic"
"446",146682,"hyper",1.2025598991665,"protein_coding","intergenic"
"447",292957,"hypo",0.0798644636203975,"microRNA","intergenic"
"448",60317,"hypo",0.234096764367162,"lincRNA","intragenic"
"449",81974,"hyper",1.24462927579896,"protein_coding","intragenic"
"450",71660,"hyper",1.17946576699379,"lincRNA","intergenic"
"451",51466,"hypo",0.114220346618525,"protein_coding","intragenic"
"452",80394,"hyper",0.896293174646448,"protein_coding","intragenic"
"453",908128,"hyper",0.309568796789639,"protein_coding","intergenic"
"454",22891,"hypo",0.5921010549487,"protein_coding","intragenic"
"455",42774,"hyper",0.0945863108066384,"protein_coding","intergenic"
"456",58358,"hyper",0.846203020408209,"protein_coding","intragenic"
"457",82794,"hypo",1.12165156945587,"protein_coding","intergenic"
"458",83222,"hyper",0.300628544162648,"protein_coding","intergenic"
"459",59945,"hyper",0.300884038422492,"others","intergenic"
"460",32717,"hyper",0.330822509070303,"protein_coding","intragenic"
"461",68175,"hyper",1.24815627310131,"others","intragenic"
"462",71448,"hyper",0.783608756257502,"others","intergenic"
"463",1508,"hyper",2.3423489953361,"protein_coding","intragenic"
"464",77503,"hyper",1.37680382187591,"protein_coding","intragenic"
"465",47365,"hyper",0.607615984436432,"protein_coding","intergenic"
"466",56390,"hyper",0.433960957817247,"protein_coding","intragenic"
"467",7210,"hyper",1.25790614975971,"others","intragenic"
"468",74952,"hyper",2.40018226742973,"protein_coding","intragenic"
"469",44879,"hypo",0.408297960388393,"protein_coding","intragenic"
"470",56093,"hyper",0.127692027103234,"protein_coding","intragenic"
"471",47044,"hypo",0.495419349377201,"lincRNA","intergenic"
"472",79973,"hypo",1.69243390149128,"others","intragenic"
"473",80815,"hyper",0.0202078904300059,"protein_coding","intragenic"
"474",91066,"hypo",0.920243278767805,"psedo-gene","intragenic"
"475",34659,"hypo",0.382531859703659,"others","intergenic"
"476",35685,"hyper",3.30603777721337,"protein_coding","intragenic"
"477",62884,"hyper",1.35696355239398,"protein_coding","intergenic"
"478",9027,"hypo",0.247239511460023,"protein_coding","intragenic"
"479",48910,"hyper",0.440734026997383,"lincRNA","intragenic"
"480",68863,"hyper",0.132212791241267,"psedo-gene","intragenic"
"481",9446,"hyper",0.29258448975827,"microRNA","intragenic"
"482",88972,"hypo",2.81804250916934,"microRNA","intragenic"
"483",95159,"hyper",0.0382111969536198,"psedo-gene","intragenic"
"484",83658,"hyper",0.465260355486928,"protein_coding","intragenic"
"485",44126,"hyper",1.61774585223492,"psedo-gene","intragenic"
"486",53909,"hypo",0.403352269227132,"protein_coding","intragenic"
"487",85429,"hyper",0.673474129407162,"protein_coding","intragenic"
"488",34214,"hyper",1.23943620635164,"protein_coding","intragenic"
"489",83252,"hyper",0.474803330987932,"psedo-gene","intergenic"
"490",32687,"hyper",2.51386634340618,"protein_coding","intragenic"
"491",18454,"hypo",0.617015542460234,"protein_coding","intragenic"
"492",14423,"hyper",0.658498598269847,"lincRNA","intergenic"
"493",6263,"hyper",1.95224931314391,"others","intergenic"
"494",842768,"hyper",0.521405711940145,"protein_coding","intergenic"
"495",37877,"hyper",1.32019239010684,"microRNA","intragenic"
"496",77831,"hyper",0.280799697836204,"protein_coding","intragenic"
"497",889728,"hypo",0.27745068800337,"protein_coding","intergenic"
"498",30681,"hypo",0.961563890539276,"protein_coding","intragenic"
"499",87163,"hyper",0.00220439782241625,"microRNA","intergenic"
"500",76563,"hyper",0.549746119011126,"microRNA","intragenic"
"501",41742,"hyper",0.512241524408611,"protein_coding","intergenic"
"502",22141,"hyper",1.23486101201424,"lincRNA","intragenic"
"503",78004,"hyper",0.497156735752023,"protein_coding","intragenic"
"504",1644,"hyper",0.182634019822395,"protein_coding","intragenic"
"505",89690,"hyper",2.8379623810499,"protein_coding","intragenic"
"506",42399,"hyper",0.886007299399022,"lincRNA","intragenic"
"507",51337,"hypo",1.27567677978116,"others","intergenic"
"508",81669,"hyper",1.7900038939708,"protein_coding","intragenic"
"509",96266,"hyper",1.02419114218106,"protein_coding","intragenic"
"510",57653,"hypo",0.703285748017337,"protein_coding","intragenic"
"511",10224,"hypo",0.262128812408132,"lincRNA","intergenic"
"512",95995,"hyper",0.427288128758422,"others","intragenic"
"513",3544,"hyper",0.653070351806255,"protein_coding","intergenic"
"514",28481,"hyper",0.637038262031941,"protein_coding","intragenic"
"515",1256,"hyper",0.463831821348865,"protein_coding","intragenic"
"516",3558,"hyper",0.44849529576918,"lincRNA","intergenic"
"517",52848,"hypo",0.598765564752297,"microRNA","intragenic"
"518",86387,"hyper",0.590586499243606,"microRNA","intragenic"
"519",81914,"hyper",0.103603719779563,"others","intragenic"
"520",29299,"hyper",0.216573998723193,"protein_coding","intragenic"
"521",82027,"hyper",3.08983046350463,"protein_coding","intergenic"
"522",53176,"hyper",0.615042201080225,"protein_coding","intergenic"
"523",12117,"hyper",3.04627212567815,"microRNA","intergenic"
"524",69384,"hypo",0.375848099829488,"others","intragenic"
"525",9565,"hyper",0.603228646101474,"protein_coding","intragenic"
"526",40203,"hyper",1.44815438694434,"protein_coding","intragenic"
"527",62050,"hyper",1.67542111031695,"protein_coding","intragenic"
"528",5038,"hyper",0.571008516446763,"protein_coding","intragenic"
"529",79531,"hypo",0.923800211263908,"protein_coding","intergenic"
"530",91251,"hypo",1.25393716536317,"psedo-gene","intergenic"
"531",82382,"hyper",0.32713566574853,"protein_coding","intragenic"
"532",59087,"hyper",1.75844987318316,"protein_coding","intragenic"
"533",2206,"hypo",0.949428929204875,"protein_coding","intragenic"
"534",37449,"hyper",3.64030132056733,"protein_coding","intragenic"
"535",82961,"hyper",2.22312362011086,"psedo-gene","intragenic"
"536",4859,"hyper",0.667854775819479,"lincRNA","intragenic"
"537",8400,"hyper",0.490086384315453,"protein_coding","intragenic"
"538",25123,"hyper",1.88775503212179,"protein_coding","intragenic"
"539",91891,"hyper",0.854622173985183,"protein_coding","intragenic"
"540",93651,"hyper",0.81358450946714,"protein_coding","intragenic"
"541",3823,"hyper",0.364497735295249,"lincRNA","intragenic"
"542",385447,"hypo",0.943117317503255,"protein_coding","intergenic"
"543",87304,"hyper",0.57654977376503,"others","intragenic"
"544",31208,"hyper",2.22210311090054,"lincRNA","intergenic"
"545",9684,"hyper",1.82379478357678,"protein_coding","intragenic"
"546",16787,"hyper",0.0310657380229636,"psedo-gene","intragenic"
"547",15275,"hyper",1.92877111587096,"others","intergenic"
"548",36158,"hyper",0.0421320583588487,"others","intragenic"
"549",13018,"hyper",0.50834897873727,"protein_coding","intragenic"
"550",260823,"hypo",0.247540078447944,"others","intergenic"
"551",37932,"hypo",3.61732278239087,"others","intergenic"
"552",421706,"hypo",0.599183779898556,"protein_coding","intergenic"
"553",81778,"hyper",1.84333616120982,"protein_coding","intragenic"
"554",96048,"hyper",2.05468925530632,"protein_coding","intergenic"
"555",76968,"hyper",0.0684725828020732,"protein_coding","intragenic"
"556",91891,"hyper",0.276821550487206,"protein_coding","intragenic"
"557",86579,"hyper",0.0457975837459723,"protein_coding","intragenic"
"558",162417,"hypo",0.094771689713369,"others","intergenic"
"559",57562,"hyper",0.817149758984462,"lincRNA","intragenic"
"560",36533,"hyper",3.12062037971532,"lincRNA","intragenic"
"561",90362,"hyper",1.69993579996708,"others","intragenic"
"562",73777,"hyper",2.52617979860644,"psedo-gene","intragenic"
"563",37119,"hypo",0.850446231783701,"protein_coding","intragenic"
"564",1178,"hyper",0.501592535620372,"protein_coding","intergenic"
"565",585279,"hypo",0.527279736981509,"protein_coding","intergenic"
"566",11062,"hyper",2.09075772956446,"protein_coding","intragenic"
"567",9583,"hyper",0.428742256365713,"protein_coding","intragenic"
"568",29604,"hyper",1.11743594858077,"protein_coding","intragenic"
"569",29341,"hyper",2.01646395852188,"protein_coding","intragenic"
"570",33637,"hyper",0.510674909693377,"microRNA","intergenic"
"571",80591,"hypo",0.226987175760119,"lincRNA","intragenic"
"572",99749,"hyper",0.788003507910239,"microRNA","intragenic"
"573",15972,"hyper",1.28090038818269,"protein_coding","intragenic"
"574",94086,"hyper",0.0623160000916953,"others","intergenic"
"575",41625,"hyper",0.395528170980996,"lincRNA","intragenic"
"576",14723,"hyper",0.134613246778006,"psedo-gene","intragenic"
"577",69945,"hypo",2.2032196835729,"others","intragenic"
"578",76535,"hyper",0.493931843480269,"protein_coding","intragenic"
"579",21047,"hypo",0.264937533414978,"protein_coding","intragenic"
"580",3627,"hyper",0.221796943331513,"protein_coding","intergenic"
"581",25081,"hyper",0.243248272852606,"protein_coding","intragenic"
"582",756206,"hypo",1.714312957061,"others","intergenic"
"583",28971,"hypo",0.321833463551255,"protein_coding","intragenic"
"584",696467,"hypo",0.345067458631924,"protein_coding","intergenic"
"585",16013,"hyper",1.90881358729726,"protein_coding","intragenic"
"586",45085,"hypo",0.401561798313861,"protein_coding","intragenic"
"587",289246,"hyper",0.521877839883432,"psedo-gene","intergenic"
"588",704430,"hypo",0.0902873474881952,"protein_coding","intergenic"
"589",60718,"hyper",0.117254090459598,"protein_coding","intragenic"
"590",87264,"hyper",0.0118992660883804,"psedo-gene","intragenic"
"591",22927,"hyper",0.903263733488867,"others","intragenic"
"592",251752,"hyper",0.183927989209104,"protein_coding","intergenic"
"593",28289,"hypo",0.00628391497008765,"microRNA","intragenic"
"594",22505,"hyper",0.324633299125277,"protein_coding","intergenic"
"595",74846,"hyper",2.59108919912552,"protein_coding","intergenic"
"596",70643,"hyper",0.193668376253164,"microRNA","intragenic"
"597",53303,"hypo",0.610869002359681,"protein_coding","intragenic"
"598",8625,"hyper",1.29592197035209,"protein_coding","intragenic"
"599",55219,"hyper",0.906525043908351,"protein_coding","intragenic"
"600",72318,"hyper",0.121298694840316,"others","intergenic"
"601",37171,"hypo",0.0945568040524067,"others","intergenic"
"602",24085,"hyper",0.106310491853777,"protein_coding","intragenic"
"603",141729,"hyper",0.218475477990308,"protein_coding","intergenic"
"604",78032,"hyper",0.764433280575367,"protein_coding","intragenic"
"605",15988,"hyper",2.03816580112549,"protein_coding","intragenic"
"606",51256,"hyper",0.745794243638522,"protein_coding","intragenic"
"607",53968,"hyper",0.576053330621394,"protein_coding","intergenic"
"608",65482,"hyper",0.516678131203265,"protein_coding","intragenic"
"609",973627,"hypo",0.001733474554413,"protein_coding","intergenic"
"610",705984,"hypo",0.0115037592065011,"protein_coding","intergenic"
"611",83727,"hyper",1.37894682282956,"lincRNA","intragenic"
"612",78640,"hypo",0.719036505410815,"protein_coding","intragenic"
"613",80354,"hyper",0.639852514551992,"protein_coding","intragenic"
"614",32623,"hyper",0.441781674050264,"protein_coding","intergenic"
"615",33449,"hyper",0.141558347081468,"psedo-gene","intergenic"
"616",22032,"hyper",1.42740998633743,"psedo-gene","intragenic"
"617",384412,"hypo",0.129507745845663,"protein_coding","intergenic"
"618",135555,"hypo",0.778312166600159,"microRNA","intergenic"
"619",3634,"hyper",0.515179215517769,"lincRNA","intragenic"
"620",80264,"hypo",0.271909096043233,"protein_coding","intragenic"
"621",70248,"hypo",1.54617958312196,"lincRNA","intergenic"
"622",60003,"hyper",0.0341596497739551,"protein_coding","intragenic"
"623",74847,"hyper",0.950249165944791,"others","intragenic"
"624",61051,"hyper",0.349065234737736,"protein_coding","intragenic"
"625",53871,"hypo",0.726679806119589,"protein_coding","intergenic"
"626",50513,"hyper",2.29422430240788,"psedo-gene","intragenic"
"627",11091,"hyper",0.804692622601208,"protein_coding","intragenic"
"628",58532,"hyper",0.000610513269936269,"protein_coding","intragenic"
"629",64579,"hypo",0.801807624122619,"protein_coding","intergenic"
"630",80727,"hyper",0.34272941789751,"protein_coding","intragenic"
"631",182677,"hyper",1.28604347976498,"psedo-gene","intergenic"
"632",59778,"hyper",1.61615023249291,"protein_coding","intragenic"
"633",81609,"hyper",1.98454886653887,"others","intergenic"
"634",42093,"hyper",0.242852105531161,"protein_coding","intragenic"
"635",88914,"hypo",1.37771445629978,"others","intergenic"
"636",30349,"hyper",1.36492453733457,"lincRNA","intragenic"
"637",2779,"hypo",3.06382222315118,"protein_coding","intergenic"
"638",54711,"hypo",0.271005097926151,"lincRNA","intragenic"
"639",69734,"hyper",1.59917787653703,"protein_coding","intragenic"
"640",1247,"hypo",2.33424362609856,"microRNA","intergenic"
"641",44146,"hyper",0.948924819327465,"protein_coding","intragenic"
"642",98287,"hyper",1.98857748387966,"others","intragenic"
"643",13603,"hyper",0.996381977694553,"protein_coding","intragenic"
"644",708003,"hypo",1.72097276195067,"protein_coding","intergenic"
"645",13378,"hyper",0.609100872624282,"microRNA","intragenic"
"646",33691,"hyper",1.26858441611545,"others","intragenic"
"647",66148,"hyper",0.278323112963391,"others","intergenic"
"648",56399,"hyper",0.0178405434958174,"protein_coding","intragenic"
"649",68867,"hyper",2.58271279830496,"protein_coding","intragenic"
"650",98691,"hyper",0.365115721630059,"microRNA","intergenic"
"651",77802,"hyper",0.373267019753761,"protein_coding","intragenic"
"652",27498,"hyper",0.323016875964122,"protein_coding","intragenic"
"653",61507,"hyper",0.0272678289557874,"protein_coding","intragenic"
"654",76385,"hypo",0.287277520330546,"others","intragenic"
"655",86817,"hyper",0.843794995172554,"protein_coding","intergenic"
"656",62059,"hypo",1.40957941998434,"protein_coding","intragenic"
"657",635778,"hypo",1.31597743552787,"others","intergenic"
"658",66502,"hyper",1.24168724056043,"lincRNA","intragenic"
"659",403040,"hypo",1.04416216889822,"protein_coding","intergenic"
"660",96164,"hyper",1.81790262737955,"others","intergenic"
"661",11409,"hyper",3.27036437720663,"protein_coding","intergenic"
"662",418946,"hypo",1.00684981293283,"protein_coding","intergenic"
"663",65255,"hyper",1.8972603526989,"psedo-gene","intragenic"
"664",91839,"hyper",0.60156558107729,"protein_coding","intergenic"
"665",6195,"hyper",0.224467396842869,"microRNA","intergenic"
"666",97856,"hyper",0.135557385707489,"protein_coding","intergenic"
"667",9730,"hypo",0.26698938861602,"protein_coding","intragenic"
"668",58365,"hyper",2.67950248437731,"protein_coding","intragenic"
"669",80275,"hyper",1.83484166507357,"psedo-gene","intragenic"
"670",654371,"hypo",0.472180187374643,"protein_coding","intergenic"
"671",81259,"hyper",0.238619585046273,"others","intragenic"
"672",49657,"hyper",1.28575640252309,"protein_coding","intragenic"
"673",55919,"hypo",0.380133571038105,"lincRNA","intragenic"
"674",35421,"hyper",0.252401287165548,"protein_coding","intragenic"
"675",12512,"hyper",0.243856871480131,"protein_coding","intragenic"
"676",91581,"hyper",2.92712111610603,"protein_coding","intragenic"
"677",85679,"hypo",0.229437279786833,"protein_coding","intragenic"
"678",36283,"hyper",3.57847620275107,"others","intragenic"
"679",94,"hyper",0.0441255335115945,"protein_coding","intergenic"
"680",73391,"hyper",0.0168519585578936,"psedo-gene","intragenic"
"681",244265,"hyper",0.31522429923751,"microRNA","intergenic"
"682",6107,"hyper",1.97996308422429,"psedo-gene","intragenic"
"683",27921,"hyper",0.494109872696565,"protein_coding","intragenic"
"684",72054,"hyper",0.693246960534524,"lincRNA","intragenic"
"685",83986,"hypo",1.38016403943879,"protein_coding","intergenic"
"686",292519,"hypo",0.70869054400713,"protein_coding","intergenic"
"687",16135,"hypo",0.98426127273666,"protein_coding","intragenic"
"688",94538,"hyper",1.18580491863575,"protein_coding","intergenic"
"689",51794,"hyper",0.79656333050247,"protein_coding","intragenic"
"690",87585,"hyper",0.48995167494275,"others","intragenic"
"691",25997,"hyper",1.19423430826658,"protein_coding","intragenic"
"692",75385,"hyper",0.325362364336735,"others","intergenic"
"693",813229,"hyper",0.324323946877397,"protein_coding","intergenic"
"694",3953,"hyper",0.176332727241706,"protein_coding","intragenic"
"695",87277,"hyper",2.00087435991616,"protein_coding","intragenic"
"696",73114,"hyper",1.66749976526872,"microRNA","intergenic"
"697",46673,"hyper",0.179684484888938,"microRNA","intragenic"
"698",48435,"hyper",2.69246263766348,"others","intragenic"
"699",73009,"hypo",1.85508173346966,"psedo-gene","intragenic"
"700",43069,"hyper",0.622250187026046,"microRNA","intragenic"
"701",98762,"hyper",0.202941396418393,"others","intragenic"
"702",78119,"hyper",3.64952028932814,"protein_coding","intragenic"
"703",98458,"hypo",0.406600462769732,"protein_coding","intragenic"
"704",19189,"hyper",0.310602679511493,"lincRNA","intragenic"
"705",62295,"hypo",1.03576275746616,"protein_coding","intragenic"
"706",83684,"hyper",2.98535240241771,"protein_coding","intergenic"
"707",617181,"hypo",0.161875368207449,"protein_coding","intergenic"
"708",81441,"hyper",2.56028424797812,"protein_coding","intragenic"
"709",20688,"hyper",0.313873641852279,"microRNA","intragenic"
"710",13501,"hyper",1.84507163091266,"protein_coding","intergenic"
"711",36114,"hyper",2.64994543567073,"protein_coding","intergenic"
"712",455235,"hypo",1.14110603653488,"others","intergenic"
"713",91966,"hyper",0.419665732464517,"protein_coding","intragenic"
"714",53515,"hyper",1.54398213915455,"protein_coding","intragenic"
"715",574684,"hyper",1.21237790967641,"protein_coding","intergenic"
"716",99620,"hyper",0.986163016205614,"lincRNA","intergenic"
"717",28566,"hyper",0.102489735740435,"protein_coding","intergenic"
"718",70149,"hyper",1.68668949130536,"protein_coding","intergenic"
"719",90014,"hyper",0.0195371290426364,"protein_coding","intragenic"
"720",683,"hyper",2.02393330479633,"others","intergenic"
"721",53288,"hypo",1.23923738038183,"protein_coding","intragenic"
"722",7438,"hyper",0.624158510000355,"protein_coding","intragenic"
"723",96363,"hypo",0.242836912579406,"lincRNA","intragenic"
"724",27225,"hyper",2.03905213910215,"psedo-gene","intragenic"
"725",43029,"hyper",0.504979975641314,"protein_coding","intragenic"
"726",63720,"hyper",0.878290144492679,"microRNA","intragenic"
"727",50108,"hyper",3.16772562930048,"protein_coding","intragenic"
"728",13931,"hyper",1.43015211321305,"protein_coding","intergenic"
"729",38579,"hyper",0.693554312121707,"protein_coding","intragenic"
"730",282,"hyper",0.611515608320596,"psedo-gene","intragenic"
"731",93467,"hyper",0.184529219367546,"others","intragenic"
"732",52167,"hypo",3.01238931453524,"protein_coding","intragenic"
"733",39642,"hyper",0.012550984597976,"lincRNA","intragenic"
"734",79359,"hyper",1.18278669233336,"protein_coding","intragenic"
"735",92334,"hyper",2.25304086057962,"protein_coding","intragenic"
"736",62835,"hyper",1.17236001367605,"psedo-gene","intragenic"
"737",26424,"hypo",1.08872579876307,"lincRNA","intragenic"
"738",80091,"hypo",0.0472215724419812,"lincRNA","intragenic"
"739",262041,"hypo",0.708590926000542,"protein_coding","intergenic"
"740",840,"hyper",0.420891212009309,"others","intragenic"
"741",562368,"hypo",2.13252779541607,"protein_coding","intergenic"
"742",6195,"hypo",1.29522901873661,"others","intragenic"
"743",66060,"hypo",0.315719701392315,"protein_coding","intragenic"
"744",146,"hyper",0.85295477547288,"protein_coding","intragenic"
"745",492322,"hyper",0.616791613816372,"others","intergenic"
"746",65274,"hyper",1.46463104022001,"protein_coding","intragenic"
"747",12115,"hypo",0.241068532396727,"protein_coding","intragenic"
"748",31929,"hyper",0.0430046650905855,"protein_coding","intragenic"
"749",47928,"hyper",0.577503499953845,"psedo-gene","intragenic"
"750",32767,"hyper",0.345913597263232,"microRNA","intragenic"
"751",56359,"hypo",0.408693067519856,"others","intragenic"
"752",86376,"hypo",0.260663544787386,"protein_coding","intragenic"
"753",75777,"hyper",0.784713038223797,"protein_coding","intragenic"
"754",73173,"hyper",2.06653082642642,"others","intragenic"
"755",72078,"hypo",0.600083460628081,"lincRNA","intragenic"
"756",95577,"hyper",2.13070645270516,"protein_coding","intergenic"
"757",26552,"hypo",1.61754946539966,"microRNA","intragenic"
"758",58212,"hypo",0.274480777193695,"protein_coding","intragenic"
"759",61972,"hyper",1.70616134197148,"protein_coding","intragenic"
"760",35213,"hyper",0.0386094974384567,"psedo-gene","intragenic"
"761",13601,"hypo",0.507005965808042,"psedo-gene","intergenic"
"762",97760,"hyper",2.47666512037641,"others","intragenic"
"763",46457,"hyper",0.58992998943885,"psedo-gene","intragenic"
"764",85047,"hyper",2.98480846006889,"protein_coding","intragenic"
"765",97811,"hyper",0.679457470945388,"protein_coding","intragenic"
"766",49339,"hyper",0.839963267758274,"protein_coding","intergenic"
"767",74399,"hypo",0.428324779106671,"protein_coding","intragenic"
"768",425952,"hypo",0.751362517429425,"psedo-gene","intergenic"
"769",10188,"hyper",0.101055560570409,"protein_coding","intragenic"
"770",36932,"hyper",0.171630910761233,"lincRNA","intragenic"
"771",6594,"hyper",0.346832503685176,"protein_coding","intergenic"
"772",96522,"hyper",0.665730859185352,"protein_coding","intragenic"
"773",2398,"hypo",0.453909147713947,"protein_coding","intragenic"
"774",40746,"hyper",0.240459934440543,"psedo-gene","intragenic"
"775",62650,"hyper",2.05883108027129,"protein_coding","intragenic"
"776",47762,"hyper",0.494736486557639,"psedo-gene","intragenic"
"777",457053,"hyper",0.40791132974257,"protein_coding","intergenic"
"778",90792,"hyper",0.961654633142603,"lincRNA","intergenic"
"779",52634,"hyper",0.38361320330129,"psedo-gene","intragenic"
"780",96205,"hyper",0.24908904624393,"protein_coding","intragenic"
"781",84840,"hyper",0.186929148087454,"protein_coding","intragenic"
"782",51425,"hyper",1.53392958374259,"protein_coding","intragenic"
"783",67880,"hypo",0.778714789997059,"protein_coding","intragenic"
"784",637050,"hyper",2.88203097138828,"protein_coding","intergenic"
"785",16905,"hyper",1.45812913388438,"protein_coding","intragenic"
"786",2799,"hypo",0.197464073638253,"protein_coding","intragenic"
"787",59211,"hyper",0.191291427384509,"protein_coding","intragenic"
"788",77562,"hyper",0.731639494775555,"protein_coding","intragenic"
"789",56872,"hyper",1.13521170336309,"protein_coding","intragenic"
"790",1369,"hypo",1.10652036284799,"protein_coding","intergenic"
"791",61673,"hyper",0.277878158614135,"microRNA","intragenic"
"792",67313,"hyper",0.95012288028641,"protein_coding","intragenic"
"793",50656,"hyper",1.33666807702657,"protein_coding","intragenic"
"794",363866,"hypo",0.705233638072332,"protein_coding","intergenic"
"795",578902,"hypo",4.99570354613203,"protein_coding","intergenic"
"796",36456,"hyper",0.271300232695836,"protein_coding","intergenic"
"797",686632,"hypo",0.368235801056044,"lincRNA","intergenic"
"798",56150,"hyper",2.2581000693775,"psedo-gene","intragenic"
"799",70757,"hypo",0.0640744915337694,"protein_coding","intragenic"
"800",509237,"hyper",1.15317840826656,"protein_coding","intergenic"
"801",73881,"hyper",1.18210842873602,"lincRNA","intragenic"
"802",42048,"hyper",0.546687494659046,"psedo-gene","intragenic"
"803",51340,"hyper",0.221740177842603,"microRNA","intragenic"
"804",76761,"hyper",0.12316439723743,"lincRNA","intragenic"
"805",68923,"hypo",0.336345749810758,"microRNA","intragenic"
"806",49331,"hyper",0.683936794828915,"protein_coding","intragenic"
"807",54855,"hyper",1.02678090022318,"others","intragenic"
"808",92761,"hyper",0.429865371701305,"protein_coding","intragenic"
"809",57135,"hyper",1.18502099310265,"others","intragenic"
"810",81618,"hypo",3.09564476932061,"protein_coding","intragenic"
"811",20028,"hyper",0.185086636423285,"protein_coding","intragenic"
"812",66572,"hyper",0.796589600353909,"others","intergenic"
"813",44720,"hyper",1.08731099597149,"lincRNA","intragenic"
"814",72488,"hyper",3.44621271785929,"protein_coding","intragenic"
"815",22841,"hypo",1.26743961432125,"lincRNA","intragenic"
"816",35854,"hyper",0.413351854470524,"microRNA","intragenic"
"817",97107,"hyper",0.699035886972266,"others","intragenic"
"818",67821,"hyper",0.803959832876279,"psedo-gene","intragenic"
"819",23878,"hyper",0.429876404108407,"protein_coding","intragenic"
"820",97098,"hypo",0.362541017827891,"lincRNA","intragenic"
"821",18204,"hyper",3.65891698886722,"protein_coding","intragenic"
"822",8377,"hyper",0.843931299187624,"protein_coding","intragenic"
"823",891809,"hyper",0.596241389919441,"protein_coding","intergenic"
"824",25040,"hyper",0.0371189679964962,"protein_coding","intergenic"
"825",673,"hypo",0.0676052567969292,"lincRNA","intergenic"
"826",70532,"hyper",0.826248921234879,"protein_coding","intragenic"
"827",48398,"hyper",1.4913487841036,"protein_coding","intergenic"
"828",38634,"hyper",0.369762075415514,"protein_coding","intergenic"
"829",39400,"hypo",0.73534179740506,"protein_coding","intergenic"
"830",8223,"hyper",0.305842152560222,"protein_coding","intragenic"
"831",10562,"hyper",0.955754945814378,"protein_coding","intragenic"
"832",18791,"hypo",1.39544981125452,"protein_coding","intragenic"
"833",29876,"hyper",0.585161421276201,"microRNA","intragenic"
"834",96696,"hypo",1.71965429640053,"lincRNA","intergenic"
"835",44320,"hyper",1.07113146729343,"protein_coding","intragenic"
"836",77917,"hyper",0.212374722961183,"protein_coding","intergenic"
"837",35768,"hyper",0.611901617466644,"protein_coding","intragenic"
"838",18764,"hyper",1.81949562683233,"protein_coding","intragenic"
"839",41050,"hyper",1.04181991076004,"microRNA","intergenic"
"840",36587,"hyper",0.253480626474322,"protein_coding","intragenic"
"841",59704,"hypo",0.825870791768626,"protein_coding","intergenic"
"842",146674,"hypo",2.23258653382903,"protein_coding","intergenic"
"843",1627,"hyper",0.371996049503835,"protein_coding","intergenic"
"844",372653,"hypo",0.506790478485359,"lincRNA","intergenic"
"845",46244,"hyper",1.6655996625256,"protein_coding","intragenic"
"846",85911,"hyper",0.23129795911933,"others","intragenic"
"847",84595,"hyper",1.29005507779892,"protein_coding","intragenic"
"848",83841,"hyper",0.126411493596708,"protein_coding","intergenic"
"849",251,"hypo",0.0095590361435784,"lincRNA","intragenic"
"850",12445,"hypo",1.53408198331981,"protein_coding","intragenic"
"851",71568,"hyper",1.23783711880168,"protein_coding","intragenic"
"852",65763,"hyper",1.71691612053774,"protein_coding","intragenic"
"853",664873,"hyper",0.769871886071892,"psedo-gene","intergenic"
"854",51208,"hyper",0.861556199645545,"protein_coding","intragenic"
"855",597637,"hypo",1.1118862536385,"protein_coding","intergenic"
"856",50054,"hyper",1.26234175622479,"protein_coding","intragenic"
"857",91296,"hypo",0.337740927863529,"microRNA","intragenic"
"858",56190,"hypo",1.01984408642512,"lincRNA","intragenic"
"859",2342,"hyper",0.13048375918773,"others","intergenic"
"860",61268,"hyper",0.124658065736378,"others","intragenic"
"861",59147,"hyper",0.453416808170673,"protein_coding","intragenic"
"862",659979,"hyper",1.00044168176726,"protein_coding","intergenic"
"863",67982,"hypo",0.558649113684408,"microRNA","intragenic"
"864",38100,"hyper",0.243263555217495,"protein_coding","intragenic"
"865",412347,"hypo",0.314192286424987,"lincRNA","intergenic"
"866",38313,"hyper",0.717992316891336,"protein_coding","intergenic"
"867",91627,"hyper",0.602362165577758,"others","intragenic"
"868",64041,"hyper",2.47024218856664,"protein_coding","intragenic"
"869",4437,"hyper",0.428362104871009,"protein_coding","intragenic"
"870",24458,"hypo",1.29723186277161,"protein_coding","intragenic"
"871",33304,"hypo",1.71385049029157,"psedo-gene","intragenic"
"872",97166,"hypo",0.336951785554189,"protein_coding","intergenic"
"873",62140,"hyper",0.514897322202169,"lincRNA","intragenic"
"874",31371,"hyper",0.627486968105946,"protein_coding","intragenic"
"875",72762,"hyper",1.55361877091809,"others","intragenic"
"876",98693,"hyper",0.245891678147456,"protein_coding","intragenic"
"877",85027,"hyper",0.833612495166748,"protein_coding","intragenic"
"878",65883,"hyper",2.7516997477011,"others","intragenic"
"879",53450,"hyper",0.886361701153632,"protein_coding","intragenic"
"880",84789,"hyper",2.47241761136675,"protein_coding","intragenic"
"881",39897,"hyper",0.072464178361653,"protein_coding","intragenic"
"882",19737,"hyper",1.14623512721273,"protein_coding","intragenic"
"883",76095,"hyper",1.41386451777484,"others","intragenic"
"884",18467,"hyper",0.119535513841929,"protein_coding","intragenic"
"885",65646,"hyper",1.71908449059763,"microRNA","intragenic"
"886",50821,"hyper",0.0191626669302739,"protein_coding","intragenic"
"887",33992,"hyper",0.114413025523664,"microRNA","intragenic"
"888",13649,"hyper",0.732655337607018,"protein_coding","intergenic"
"889",36355,"hyper",1.34009516965247,"protein_coding","intragenic"
"890",22446,"hyper",0.886048269797744,"microRNA","intragenic"
"891",75779,"hyper",0.159801684503127,"psedo-gene","intergenic"
"892",58686,"hyper",0.874420191034084,"protein_coding","intragenic"
"893",79573,"hyper",0.0133771876589468,"protein_coding","intragenic"
"894",18685,"hypo",0.86236345757097,"lincRNA","intragenic"
"895",41820,"hyper",0.123642023785917,"psedo-gene","intragenic"
"896",65395,"hyper",0.651951798135604,"microRNA","intragenic"
"897",18407,"hyper",0.0524911723537221,"others","intragenic"
"898",7144,"hyper",2.80813720106147,"microRNA","intragenic"
"899",19539,"hyper",1.67177887913902,"microRNA","intergenic"
"900",84756,"hypo",0.270241051101357,"others","intergenic"
"901",83301,"hyper",1.95861922690309,"microRNA","intragenic"
"902",23705,"hyper",1.03590747391781,"protein_coding","intragenic"
"903",73705,"hyper",0.52045681439115,"protein_coding","intergenic"
"904",18510,"hyper",1.9903099877111,"others","intergenic"
"905",98881,"hyper",0.361059769646039,"others","intergenic"
"906",54363,"hypo",0.502017286139858,"protein_coding","intergenic"
"907",67698,"hyper",1.30677740774818,"microRNA","intragenic"
"908",73420,"hyper",1.53827670777451,"protein_coding","intragenic"
"909",94113,"hyper",0.10936978693367,"protein_coding","intergenic"
"910",42811,"hypo",0.975770525079518,"protein_coding","intragenic"
"911",51697,"hyper",0.231970660280065,"protein_coding","intragenic"
"912",98074,"hyper",0.568946541416454,"psedo-gene","intragenic"
"913",84845,"hyper",0.00918470597092625,"protein_coding","intragenic"
"914",16521,"hyper",1.483256459945,"protein_coding","intragenic"
"915",36964,"hyper",0.320896641077009,"microRNA","intragenic"
"916",62148,"hyper",0.111975237772867,"protein_coding","intragenic"
"917",83123,"hypo",0.835602130710395,"protein_coding","intragenic"
"918",35442,"hyper",0.0947880183989751,"protein_coding","intergenic"
"919",321312,"hyper",0.636203292366655,"lincRNA","intergenic"
"920",6146,"hyper",1.24248793401088,"protein_coding","intragenic"
"921",98894,"hypo",2.08613108751241,"protein_coding","intergenic"
"922",28838,"hyper",2.02415020363317,"psedo-gene","intragenic"
"923",88362,"hyper",0.131418630192657,"protein_coding","intergenic"
"924",48452,"hypo",1.51040197551254,"lincRNA","intragenic"
"925",355539,"hypo",1.04731065764134,"microRNA","intergenic"
"926",75718,"hyper",0.117461113802645,"protein_coding","intragenic"
"927",94923,"hyper",0.206957437149005,"protein_coding","intergenic"
"928",231392,"hypo",0.400929000867479,"protein_coding","intergenic"
"929",23391,"hyper",1.70589433772244,"lincRNA","intragenic"
"930",54951,"hyper",0.190583758355007,"protein_coding","intragenic"
"931",23386,"hyper",1.4031123560507,"protein_coding","intergenic"
"932",34746,"hyper",0.664202242230258,"protein_coding","intragenic"
"933",14577,"hyper",1.88196198892993,"psedo-gene","intergenic"
"934",15216,"hyper",0.513571154381849,"psedo-gene","intragenic"
"935",91364,"hypo",0.792415644593045,"lincRNA","intragenic"
"936",75135,"hyper",1.85367042153225,"protein_coding","intragenic"
"937",75879,"hyper",1.17439237989737,"protein_coding","intergenic"
"938",81179,"hyper",0.878235408214739,"microRNA","intragenic"
"939",42359,"hypo",0.680855640710286,"others","intragenic"
"940",57294,"hyper",0.873222800102424,"protein_coding","intragenic"
"941",52041,"hyper",0.657982415168713,"lincRNA","intergenic"
"942",21754,"hyper",0.085082601609776,"protein_coding","intergenic"
"943",24200,"hyper",1.57025230655307,"protein_coding","intragenic"
"944",1347,"hyper",0.00689200996902709,"microRNA","intragenic"
"945",78101,"hyper",2.64040512125211,"protein_coding","intragenic"
"946",30699,"hyper",0.743257149687929,"protein_coding","intergenic"
"947",50420,"hyper",0.0525513222360654,"protein_coding","intragenic"
"948",55148,"hyper",1.45449046087942,"others","intragenic"
"949",34431,"hypo",0.363923879502415,"protein_coding","intragenic"
"950",408026,"hypo",0.826690125617486,"protein_coding","intergenic"
"951",77679,"hypo",1.49064909193891,"protein_coding","intergenic"
"952",522327,"hypo",2.08762578505143,"protein_coding","intergenic"
"953",854177,"hyper",2.00277555281959,"others","intergenic"
"954",80898,"hyper",1.29456994377285,"protein_coding","intragenic"
"955",707,"hyper",3.26432295520979,"protein_coding","intergenic"
"956",63608,"hyper",0.344217423184833,"protein_coding","intergenic"
"957",66457,"hyper",0.215827457192052,"protein_coding","intragenic"
"958",79587,"hyper",0.488215004680577,"others","intragenic"
"959",5174,"hyper",1.05154638872817,"lincRNA","intragenic"
"960",11441,"hyper",3.55202018587607,"protein_coding","intergenic"
"961",69727,"hyper",1.76138517152126,"protein_coding","intragenic"
"962",565447,"hyper",0.88500528068727,"protein_coding","intergenic"
"963",90202,"hyper",0.949380038518723,"protein_coding","intragenic"
"964",20689,"hypo",0.19620600141888,"protein_coding","intragenic"
"965",674460,"hyper",1.54360264515692,"protein_coding","intergenic"
"966",95877,"hyper",1.84661903276672,"protein_coding","intragenic"
"967",200,"hyper",0.502849587057835,"protein_coding","intragenic"
"968",15487,"hypo",0.135302237718341,"protein_coding","intragenic"
"969",16095,"hyper",0.326059897093847,"protein_coding","intragenic"
"970",49462,"hyper",0.0543151224090755,"protein_coding","intergenic"
"971",39946,"hypo",1.70007448692258,"microRNA","intergenic"
"972",34778,"hypo",0.585945743989983,"protein_coding","intragenic"
"973",40681,"hyper",1.11516678245699,"protein_coding","intragenic"
"974",6700,"hyper",0.117183528435562,"protein_coding","intragenic"
"975",21906,"hypo",0.536410550918002,"protein_coding","intragenic"
"976",54802,"hyper",0.115886733002531,"protein_coding","intragenic"
"977",91385,"hyper",1.6865572114116,"lincRNA","intergenic"
"978",15877,"hyper",0.386550661419111,"protein_coding","intergenic"
"979",36710,"hyper",0.721808270346662,"protein_coding","intragenic"
"980",18557,"hyper",0.7131105171494,"protein_coding","intragenic"
"981",4493,"hyper",0.123188064231449,"psedo-gene","intragenic"
"982",1414,"hypo",0.634290930039238,"protein_coding","intragenic"
"983",49986,"hyper",0.0814511180974959,"lincRNA","intragenic"
"984",51941,"hyper",0.675717354096891,"protein_coding","intragenic"
"985",975708,"hyper",0.917331389325494,"lincRNA","intergenic"
"986",63728,"hyper",0.761712760302206,"protein_coding","intragenic"
"987",57189,"hyper",0.59792961422438,"psedo-gene","intragenic"
"988",46672,"hyper",0.864291393975395,"lincRNA","intragenic"
"989",44348,"hyper",0.892384163710184,"protein_coding","intragenic"
"990",59401,"hyper",1.69235753340848,"protein_coding","intragenic"
"991",37738,"hyper",1.86489935902505,"protein_coding","intragenic"
"992",89224,"hyper",0.517710357873225,"lincRNA","intragenic"
"993",49577,"hyper",1.62064747564426,"protein_coding","intergenic"
"994",93196,"hyper",0.89602033462131,"microRNA","intragenic"
"995",74686,"hyper",0.354308493579189,"protein_coding","intragenic"
"996",20424,"hyper",2.1809499741912,"protein_coding","intragenic"
"997",20387,"hypo",0.170891676289607,"lincRNA","intergenic"
"998",88177,"hyper",0.715517652636414,"protein_coding","intergenic"
"999",98193,"hyper",2.600936053856,"protein_coding","intragenic"
"1000",26030,"hyper",4.31416026269594,"psedo-gene","intragenic"
